idioma,era,pagina,titulo,faixas,caracteres,minutos_estimados
pt,1,1,Visionários,9,9872,10.97
pt,1,2,Os primeiros Épicos,6,6511,7.23
pt,1,3,Heroínas e Diretoras do Cinema,10,10518,11.69
pt,1,4,Race Films: Pioneiros Afro-americanos,7,8599,9.55
pt,1,5,O Cinema Fantástico e Sobrenatural,10,12945,14.38
pt,1,6,A Comédia Muda,10,10827,12.03
pt,1,7,"A ""Era de Ouro"" do Cinema Mudo",7,8688,9.65
pt,1,8,Surrealismo nas Telas,7,7160,7.96
pt,1,9,O Início da Era dos Filmes Falados,8,9091,10.1
pt,2,1,Terror Gótico,12,15742,17.49
pt,2,2,Filmes de Gângster,10,13884,15.43
pt,2,3,As Cores no Cinema,11,13475,14.97
pt,2,4,Os primeiros filmes de Animação,15,19960,22.18
pt,2,5,A Sociedade nas telas,7,6443,7.16
pt,2,6,Hollywood e a sombra da Guerra,7,7721,8.58
pt,2,7,Musicais na época da Depressão,7,5632,6.26
pt,2,8,O Som e a Comédia,7,6259,6.95
pt,2,9,A Comédia Romântica dos Anos 1930,6,5897,6.55
pt,3,1,Cinema Noir,12,13601,15.11
pt,3,2,O Cinema Asiático,11,15235,16.93
pt,3,3,Neorrealismo Italiano,6,8157,9.06
pt,3,4,O Cinema na França,10,11409,12.68
pt,3,5,Cinema Nórdico,8,8177,9.09
pt,3,6,O Faroeste em Hollywood,10,10371,11.52
pt,3,7,Hollywood do pós-Guerra,13,14552,16.17
pt,3,8,A Juventude Rebelde,7,5796,6.44
pt,3,9,Nouvelle Vague,10,11386,12.65
pt,3,10,Os Musicais de Hollywood,9,9751,10.83
pt,3,11,Guerra Fria no Cinema,6,6403,7.11
pt,4,1,A New Wave Britânica,5,5234,5.82
pt,4,2,Cinema Latino-Americano,14,16197,18.0
pt,4,3,A Nova Hollywood,13,14088,15.65
pt,4,4,Sexo e Tabus no Cinema,6,5560,6.18
pt,4,5,Filmes de Espionagem,6,4957,5.51
pt,4,6,A Ficção Cientifica no Cinema,8,10412,11.57
pt,4,7,O Terror Contemporâneo no Cinema,10,11185,12.43
pt,4,8,Faroeste Espaguete,6,7724,8.58
pt,5,1,Cinema da Europa Ocidental,12,14404,16.0
pt,5,2,O Novo Cinema Alemão,10,10951,12.17
pt,5,3,A Nova Era do Terror,16,23148,25.72
pt,5,4,O Filmes Policiais dos Anos 70,11,13687,15.21
pt,5,5,O Cinema Negro Blaxploitation,13,17282,19.2
pt,5,6,Paranoia e Teorias da Conspiração em Hollywood,5,4970,5.52
pt,5,7,Os Complexos Dramas Americanos,14,19197,21.33
pt,5,8,O Início dos Blockbusters,7,9032,10.04
pt,5,9,O Novo Cinema Australiano,9,9511,10.57
pt,5,10,Cinema Asiático,14,16867,18.74
pt,5,11,Uma Nova Era para os Musicais,8,9377,10.42
pt,5,12,Cinema Africano,9,11157,12.4
pt,5,13,Vietnã nos Cinemas,13,19211,21.35
pt,5,14,A Nova Era dos Filmes de Ação,8,10283,11.43
pt,5,15,As Comédias dos Anos 80,13,18590,20.66
pt,5,16,O Novo Drama Psicológico,5,4759,5.29
pt,5,17,Cinema Canadense,6,6093,6.77
pt,5,18,Cinema Chinês,5,4623,5.14
pt,6,1,Drama de Época Europeu,7,9968,11.08
pt,6,2,Drama em Hollywood,12,16380,18.2
pt,6,3,Cinema Independente Americano,21,26771,29.75
pt,6,4,Cinema Britânico e Irlandês,5,5241,5.82
pt,6,5,Cinema Europeu Nos Anos 90,11,14969,16.63
pt,6,6,CGI e a nova era dos Efeitos Especiais,15,20659,22.95
pt,6,7,Uma Nova Era para o Cinema Afro-Americano,15,18776,20.86
pt,6,8,O Renascimento das Animações,13,21040,23.38
pt,6,9,As Comédias dos Anos 1990s e 2000s,6,7948,8.83
pt,6,10,Terror: Um Novo Começo,11,14546,16.16
pt,6,11,Cinema da Ásia Oriental,9,9796,10.88
pt,6,12,Nova Onda do Cinema Iraniano,7,8031,8.92
pt,6,13,Cinema Latino-Americano,16,20197,22.44
pt,6,14,Blockbusters para a Família,11,15550,17.28
pt,6,15,Os filmes de Super-Heróis,12,13739,15.27
pt,6,16,Cinema Britânico,6,4911,5.46
pt,6,17,Cinema Europeu do Século XXI,7,9027,10.03
pt,6,18,Bollywood,7,10342,11.49
pt,6,19,Drama Americano pós-11/9,5,4880,5.42
pt,7,1,O Renascimento do Terror,24,31700,35.22
pt,7,2,Super Heróis e os Universos Compartilhados,18,29355,32.62
pt,7,3,O impacto da pirataria,4,4389,4.88
pt,7,4,Dark Comedy,8,9371,10.41
pt,7,5,A Evolução dos Efeitos Especiais,19,29304,32.56
pt,7,6,Time's Up,9,12172,13.52
pt,7,7,A Década da Disney,8,10863,12.07
pt,7,8,A Era dos Reboots e Remakes,13,15444,17.16
pt,7,9,Diversidade e Representatividade,19,31975,35.53
pt,7,10,A revolução do streaming que mudou Hollywood,22,31641,35.16
pt,7,11,Fim do Mundo nos Cinemas,10,13901,15.45
pt,7,12,Animação Além da Disney,13,14451,16.06
pt,7,13,O cinema estrangeiro conquista o Oscar,15,14998,16.66
pt,8,1,As telas apagadas: a pandemia e o cinema,12,12726,14.14
pt,8,2,As redes sociais moldando o cinema,13,14252,15.84
pt,8,3,A nova leva do terror,14,15360,17.07
pt,8,4,Criadores da internet chegam às telas,14,15758,17.51
pt,8,5,Hollywood em greve e a disputa pela IA,14,14830,16.48
pt,8,6,O Mundo Além de Hollywood,14,14610,16.23
pt,8,7,A guerra do streaming e as fusões,13,14877,16.53
pt,8,8,O cansaço dos super-heróis e a volta do evento,12,14797,16.44
en,1,1,Visionaries,9,9125,9.12
en,1,2,The First Epics,6,5969,5.97
en,1,3,Heroines and Women Directors,10,9779,9.78
en,1,4,Race Films: African American Pioneers,7,7887,7.89
en,1,5,Fantasy and Supernatural Cinema,10,12039,12.04
en,1,6,Silent Comedy,8,9911,9.91
en,1,7,"The ""Golden Age"" of Silent Film",7,7974,7.97
en,1,8,Surrealism on Screen,7,6763,6.76
en,1,9,The Dawn of the Talkies,8,8329,8.33
en,2,1,Gothic Horror,12,14429,14.43
en,2,2,Gangster Films,10,12213,12.21
en,2,3,Color in Film,11,12268,12.27
en,2,4,The First Animated Films,13,18102,18.1
en,2,5,Society on Screen,6,5873,5.87
en,2,6,Hollywood in the Shadow of War,6,6997,7.0
en,2,7,Depression-Era Musicals,7,5376,5.38
en,2,8,Sound and Comedy,7,5546,5.55
en,2,9,The Romantic Comedy of the 1930s,6,5187,5.19
en,3,1,Film Noir,11,12182,12.18
en,3,2,Asian Cinema,11,13530,13.53
en,3,3,Italian Neorealism,6,7599,7.6
en,3,4,Cinema in France,9,10255,10.26
en,3,5,Nordic Cinema,7,7596,7.6
en,3,6,The Hollywood Western,9,9098,9.1
en,3,7,Postwar Hollywood,11,12732,12.73
en,3,8,Rebel Youth,7,4975,4.97
en,3,9,The French New Wave,10,10355,10.36
en,3,10,Hollywood Musicals,9,8411,8.41
en,3,11,The Cold War on Film,5,5670,5.67
en,4,1,The British New Wave,5,4500,4.5
en,4,2,Latin American Cinema,13,14969,14.97
en,4,3,New Hollywood,11,12494,12.49
en,4,4,Sex and Taboos on Film,6,5124,5.12
en,4,5,Spy Films,6,4412,4.41
en,4,6,Science Fiction on Film,7,9497,9.5
en,4,7,Modern Horror on Film,10,10092,10.09
en,4,8,The Spaghetti Western,6,7116,7.12
en,5,1,Western European Cinema,11,13776,13.78
en,5,2,New German Cinema,10,10416,10.42
en,5,3,The New Era of Horror,15,21366,21.37
en,5,4,'70s Crime Films,11,12061,12.06
en,5,5,Blaxploitation Cinema,13,16131,16.13
en,5,6,Paranoia and Conspiracy Theories in Hollywood,5,4431,4.43
en,5,7,Complex American Dramas,12,16868,16.87
en,5,8,The Birth of the Blockbuster,7,8141,8.14
en,5,9,The Australian New Wave,8,8499,8.5
en,5,10,Asian Cinema,12,15452,15.45
en,5,11,A New Era for Musicals,8,8353,8.35
en,5,12,African Cinema,9,10327,10.33
en,5,13,Vietnam on Film,13,17967,17.97
en,5,14,The New Era of Action Films,7,8966,8.97
en,5,15,'80s Comedies,11,16687,16.69
en,5,16,The New Psychological Drama,5,4445,4.45
en,5,17,Canadian Cinema,6,5414,5.41
en,5,18,Chinese Cinema,5,4340,4.34
en,6,1,European Period Drama,7,9019,9.02
en,6,2,Drama in Hollywood,12,14950,14.95
en,6,3,American Independent Cinema,19,24421,24.42
en,6,4,British and Irish Cinema,5,4677,4.68
en,6,5,European Cinema in the '90s,11,13495,13.49
en,6,6,CGI and the New Era of Special Effects,13,18966,18.97
en,6,7,A New Era for African American Cinema,14,17147,17.15
en,6,8,The Animation Renaissance,13,19692,19.69
en,6,9,Comedies of the 1990s and 2000s,6,7040,7.04
en,6,10,Horror: A New Beginning,10,13232,13.23
en,6,11,East Asian Cinema,8,9203,9.2
en,6,12,The Iranian New Wave,7,7828,7.83
en,6,13,Latin American Cinema,15,19316,19.32
en,6,14,Family Blockbusters,10,14633,14.63
en,6,15,Superhero Movies,10,12428,12.43
en,6,16,British Cinema,6,4555,4.55
en,6,17,21st-Century European Cinema,7,8506,8.51
en,6,18,Bollywood,7,9490,9.49
en,6,19,Post-9/11 American Drama,5,4559,4.56
en,7,1,The Horror Renaissance,23,30204,30.2
en,7,2,Superheroes and Shared Universes,18,28042,28.04
en,7,3,The Impact of Piracy,3,3994,3.99
en,7,4,Dark Comedy,7,9115,9.12
en,7,5,The Evolution of Special Effects,18,27233,27.23
en,7,6,Time's Up,9,11521,11.52
en,7,7,The Disney Decade,8,10290,10.29
en,7,8,The Age of Reboots and Remakes,11,14502,14.5
en,7,9,Diversity and Representation,19,30152,30.15
en,7,10,The Streaming Revolution That Changed Hollywood,21,30236,30.24
en,7,11,The End of the World at the Movies,10,13629,13.63
en,7,12,Animation Beyond Disney,13,14255,14.26
en,7,13,Foreign Cinema Conquers the Oscars,15,14653,14.65
en,8,1,Dark Screens: The Pandemic and the Movies,12,12534,12.53
en,8,2,Social Media Shaping Cinema,13,13904,13.9
en,8,3,The New Wave of Horror,14,14827,14.83
en,8,4,Internet Creators Hit the Big Screen,14,15373,15.37
en,8,5,Hollywood on Strike and the Fight over AI,14,14479,14.48
en,8,6,The World Beyond Hollywood,14,14439,14.44
en,8,7,The Streaming Wars and the Mergers,13,14066,14.07
en,8,8,Superhero Fatigue and the Return of the Event Movie,12,13977,13.98
es,1,1,Visionarios,9,10372,10.92
es,1,2,Las primeras épicas,6,6790,7.15
es,1,3,Heroínas y directoras del cine,10,10784,11.35
es,1,4,Race Films: pioneros afroamericanos,7,8877,9.34
es,1,5,El cine fantástico y sobrenatural,11,13494,14.2
es,1,6,La comedia muda,10,11240,11.83
es,1,7,"La ""Edad de Oro"" del cine mudo",7,9204,9.69
es,1,8,Surrealismo en la pantalla,7,7448,7.84
es,1,9,El inicio de la era del cine hablado,8,9414,9.91
es,2,1,Terror gótico,12,16612,17.49
es,2,2,Películas de gánsteres,10,14451,15.21
es,2,3,El color en el cine,11,13964,14.7
es,2,4,Las primeras películas de animación,15,20325,21.39
es,2,5,La sociedad en la pantalla,7,6821,7.18
es,2,6,Hollywood y la sombra de la guerra,7,8218,8.65
es,2,7,Musicales en la época de la Depresión,7,6037,6.35
es,2,8,El sonido y la comedia,7,6575,6.92
es,2,9,La comedia romántica de los años 1930,6,6374,6.71
es,3,1,Cine noir,12,14347,15.1
es,3,2,El cine asiático,11,15777,16.61
es,3,3,Neorrealismo italiano,6,8657,9.11
es,3,4,El cine en Francia,10,11881,12.51
es,3,5,Cine nórdico,8,8455,8.9
es,3,6,El western en Hollywood,10,10987,11.57
es,3,7,El Hollywood de la posguerra,13,15265,16.07
es,3,8,La juventud rebelde,7,6041,6.36
es,3,9,Nouvelle Vague,10,11910,12.54
es,3,10,Los musicales de Hollywood,10,10607,11.17
es,3,11,La Guerra Fría en el cine,6,6979,7.35
es,4,1,La New Wave británica,6,5456,5.74
es,4,2,Cine latinoamericano,14,16662,17.54
es,4,3,El Nuevo Hollywood,13,14903,15.69
es,4,4,Sexo y tabúes en el cine,6,5835,6.14
es,4,5,Películas de espionaje,6,5298,5.58
es,4,6,La ciencia ficción en el cine,8,10888,11.46
es,4,7,El terror contemporáneo en el cine,10,12031,12.66
es,4,8,Spaghetti western,6,8017,8.44
es,5,1,Cine de Europa Occidental,12,15215,16.02
es,5,2,El Nuevo Cine Alemán,10,11566,12.17
es,5,3,La nueva era del terror,18,24589,25.88
es,5,4,Las películas policiales de los años 70,11,14195,14.94
es,5,5,El cine negro blaxploitation,13,18060,19.01
es,5,6,Paranoia y teorías de la conspiración en Hollywood,5,5370,5.65
es,5,7,Los complejos dramas estadounidenses,15,20138,21.2
es,5,8,El inicio de los blockbusters,7,9492,9.99
es,5,9,El nuevo cine australiano,10,9851,10.37
es,5,10,Cine asiático,14,17511,18.43
es,5,11,Una nueva era para los musicales,8,9770,10.28
es,5,12,Cine africano,9,11485,12.09
es,5,13,Vietnam en el cine,13,19839,20.88
es,5,14,La nueva era de las películas de acción,9,10882,11.45
es,5,15,Las comedias de los años 80,13,19554,20.58
es,5,16,El nuevo drama psicológico,5,4953,5.21
es,5,17,Cine canadiense,6,6205,6.53
es,5,18,Cine chino,5,4736,4.99
es,6,1,Drama de época europeo,7,10368,10.91
es,6,2,El drama en Hollywood,13,17218,18.12
es,6,3,Cine independiente estadounidense,21,27540,28.99
es,6,4,Cine británico e irlandés,5,5651,5.95
es,6,5,Cine europeo de los años 90,11,15390,16.2
es,6,6,El CGI y la nueva era de los efectos especiales,16,21834,22.98
es,6,7,Una nueva era para el cine afroamericano,16,19468,20.49
es,6,8,El renacimiento de la animación,15,21811,22.96
es,6,9,Las comedias de los años 1990 y 2000,7,8213,8.65
es,6,10,Terror: un nuevo comienzo,11,15473,16.29
es,6,11,Cine de Asia Oriental,9,10287,10.83
es,6,12,Nueva ola del cine iraní,8,8314,8.75
es,6,13,Cine latinoamericano,16,20473,21.55
es,6,14,Blockbusters para la familia,12,16435,17.3
es,6,15,Las películas de superhéroes,12,14079,14.82
es,6,16,Cine británico,6,5125,5.39
es,6,17,Cine europeo del siglo XXI,7,9337,9.83
es,6,18,Bollywood,8,10761,11.33
es,6,19,Drama estadounidense posterior al 11-S,5,5196,5.47
es,7,1,El renacimiento del terror,25,33039,34.78
es,7,2,Los superhéroes y los universos compartidos,19,30394,31.99
es,7,3,El impacto de la piratería,4,4526,4.76
es,7,4,Dark Comedy,8,9723,10.23
es,7,5,La evolución de los efectos especiales,19,30461,32.06
es,7,6,Time's Up,9,12438,13.09
es,7,7,La década de Disney,8,11503,12.11
es,7,8,La era de los reboots y remakes,13,15947,16.79
es,7,9,Diversidad y representatividad,20,32607,34.32
es,7,10,La revolución del streaming que cambió Hollywood,22,32882,34.61
es,7,11,El fin del mundo en el cine,11,14978,15.77
es,7,12,Animación más allá de Disney,13,15553,16.37
es,7,13,El cine extranjero conquista el Oscar,15,15894,16.73
es,8,1,Las pantallas apagadas: la pandemia y el cine,12,13472,14.18
es,8,2,Las redes sociales moldean el cine,13,15004,15.79
es,8,3,La nueva ola del terror,14,16229,17.08
es,8,4,Los creadores de internet llegan a la pantalla grande,14,16475,17.34
es,8,5,Hollywood en huelga y la disputa por la IA,14,15596,16.42
es,8,6,El mundo más allá de Hollywood,14,15527,16.34
es,8,7,La guerra del streaming y las fusiones,13,15478,16.29
es,8,8,El cansancio de los superhéroes y el regreso del evento,13,15537,16.35
